{
    "providers": [
        {"type": "bitmap", "file": "minecraft:gui/gens/blank.png","ascent": -2000,"height": -3,"chars": ["七"]},
        {"type": "bitmap", "file": "minecraft:gui/gens/cratepreview.png","ascent": 26, "height": 140, "chars": [""]},
        {"type": "bitmap", "file": "minecraft:gui/gens/upgrades.png","ascent": 26, "height": 140, "chars": ["ㇴ"]},
        {"type": "bitmap", "file": "minecraft:gui/gens/shop.png","ascent": 26, "height": 140, "chars": [""]},
        {"type": "bitmap", "file": "minecraft:gui/gens/buy.png","ascent": 26, "height": 140, "chars": [""]},
        {"type": "bitmap", "file": "minecraft:gui/gens/sell.png","ascent": 26, "height": 140, "chars": [""]},
        {"type": "bitmap", "file": "minecraft:gui/gens/caveupgrades.png","ascent": 26, "height": 140, "chars": ["임"]},
        {"type": "bitmap", "file": "minecraft:gui/gens/activegens.png","ascent": 26, "height": 140, "chars": [""]},
        {"type": "bitmap", "file": "minecraft:gui/gens/confirm.png","ascent": 26, "height": 140, "chars": ["ㇾ"]},
        {"type": "bitmap", "file": "minecraft:gui/gens/afk.png","ascent": 26, "height": 140, "chars": [""]},
        {"type": "bitmap", "file": "minecraft:gui/gens/farms.png","ascent": 26, "height": 140, "chars": [""]},
        {"type": "bitmap", "file": "minecraft:gui/gens/generatorupgrades.png","ascent": 26, "height": 140, "chars": ["몽"]},
        {"type": "bitmap", "file": "minecraft:gui/gens/generators.png","ascent": 26, "height": 140, "chars": ["㈀"]},
        {"type": "bitmap", "file": "minecraft:gui/gens/generator.png","ascent": 26, "height": 140, "chars": ["후"]},
        {"type": "bitmap", "file": "minecraft:gui/gens/daily.png","ascent": 26, "height": 140, "chars": ["㈁"]},
        {"type": "bitmap", "file": "minecraft:gui/gens/prefixes.png","ascent": 26, "height": 140, "chars": ["㈂"]},
        {"type": "bitmap", "file": "minecraft:gui/gens/reset.png","ascent": 26, "height": 140, "chars": [""]},
        {"type": "bitmap", "file": "minecraft:gui/gens/opening.png","ascent": 26, "height": 140, "chars": ["㈃"]},
        {"type": "bitmap", "file": "minecraft:gui/gens/kits.png","ascent": 26, "height": 140, "chars": ["㈄"]},
        {"type": "bitmap", "file": "minecraft:gui/gens/tools.png","ascent": 26, "height": 140, "chars": ["다"]},
        {"type": "bitmap", "file": "minecraft:gui/gens/settings.png","ascent": 26, "height": 140, "chars": ["㈅"]},
        {"type": "bitmap", "file": "minecraft:gui/gens/island.png","ascent": 26, "height": 140, "chars": ["㈆"]},
        {"type": "bitmap", "file": "minecraft:gui/gens/auctions.png","ascent": 26, "height": 140, "chars": ["㈇"]},
        {"type": "bitmap", "file": "minecraft:gui/gens/select.png","ascent": 26, "height": 140, "chars": ["㈈"]},
        {"type": "bitmap", "file": "minecraft:gui/gens/items.png","ascent": 26, "height": 140, "chars": ["㈉"]},
        {"type": "bitmap", "file": "minecraft:gui/gens/warps.png","ascent": 26, "height": 140, "chars": ["㈒"]},
        {"type": "bitmap", "file": "minecraft:gui/gens/ranks.png","ascent": 26, "height": 140, "chars": ["㈓"]},
        {"type": "bitmap", "file": "minecraft:gui/gens/homes.png","ascent": 26, "height": 140, "chars": ["하"]},
        {"type": "bitmap", "file": "minecraft:gui/gens/colors.png","ascent": 26, "height": 140, "chars": ["집"]},
        {"type": "bitmap", "file": "minecraft:gui/gens/top.png","ascent": 26, "height": 140, "chars": ["뜻"]},
        {"type": "bitmap", "file": "minecraft:gui/gens/skins.png","ascent": 26, "height": 140, "chars": [""]},
        {"type": "bitmap", "file": "minecraft:gui/gens/islandbuildconfirm.png","ascent": 26, "height": 140, "chars": ["주"]},
        {"type": "bitmap", "file": "minecraft:gui/gens/cavebuyconfirm.png","ascent": 26, "height": 140, "chars": ["붕"]},
        {"type": "bitmap", "file": "minecraft:gui/gens/selectcave.png","ascent": 26, "height": 140, "chars": ["는"]},
        {"type": "bitmap", "file": "minecraft:gui/gens/clantagcolors.png","ascent": 26, "height": 140, "chars": ["화"]},
        {"type": "bitmap", "file": "minecraft:gui/gens/confirmbuy.png","ascent": 26, "height": 140, "chars": ["로"]},
        {"type": "bitmap", "file": "minecraft:gui/gens/dungeonshelp.png","ascent": 26, "height": 140, "chars": ["끌"]},
        {"type": "bitmap", "file": "minecraft:gui/gens/helpgui.png","ascent": 26, "height": 140, "chars": ["어"]},
        {"type": "bitmap", "file": "minecraft:gui/gens/refinerybuy.png","ascent": 26, "height": 140, "chars": ["오"]},
        {"type": "bitmap", "file": "minecraft:gui/gens/refinerygui.png","ascent": 26, "height": 140, "chars": ["역"]},
        {"type": "bitmap", "file": "minecraft:gui/gens/sellchestgui.png","ascent": 26, "height": 140, "chars": ["을"]},
        {"type": "bitmap", "file": "minecraft:gui/gens/toolselect.png","ascent": 26, "height": 140, "chars": ["한"]},
        {"type": "bitmap", "file": "minecraft:gui/gens/potions.png","ascent": 26, "height": 140, "chars": ["가"]},
        {"type": "bitmap", "file": "minecraft:gui/gens/activepotions.png","ascent": 26, "height": 140, "chars": ["순"]},
        {"type": "bitmap", "file": "minecraft:gui/gens/trade.png","ascent": 26, "height": 140, "chars": ["리"]},
        {"type": "bitmap", "file": "minecraft:gui/gens/toolupgrade.png","ascent": 26, "height": 140, "chars": ["행"]},
        {"type": "bitmap", "file": "minecraft:gui/gens/rebirth.png","ascent": 26, "height": 140, "chars": ["列"]},
        {"type": "bitmap", "file": "minecraft:gui/gens/pets.png","ascent": 26, "height": 140, "chars": ["割"]},
        {"type": "bitmap", "file": "minecraft:gui/gens/tokens.png","ascent": 26, "height": 140, "chars": [""]},
        {"type": "bitmap", "file": "minecraft:gui/gens/coinflip.png","ascent": 26, "height": 140, "chars": [""]},
        {"type": "bitmap", "file": "minecraft:gui/gens/coinflipstart.png","ascent": 26, "height": 140, "chars": [""]},
        {"type": "bitmap", "file": "minecraft:animation/1.png","ascent": 100,"height": 200,"chars": [""]},
        {"type": "bitmap", "file": "minecraft:animation/2.png","ascent": 100,"height": 200,"chars": [""]},
        {"type": "bitmap", "file": "minecraft:animation/3.png","ascent": 100,"height": 200,"chars": [""]},
        {"type": "bitmap", "file": "minecraft:animation/4.png","ascent": 100,"height": 200,"chars": [""]},
        {"type": "bitmap", "file": "minecraft:animation/5.png","ascent": 100,"height": 200,"chars": [""]},
        {"type": "bitmap", "file": "minecraft:animation/6.png","ascent": 100,"height": 200,"chars": [""]},
        {"type": "bitmap", "file": "minecraft:animation/7.png","ascent": 100,"height": 200,"chars": [""]},
        {"type": "bitmap", "file": "minecraft:animation/8.png","ascent": 100,"height": 200,"chars": [""]},
        {"type": "bitmap", "file": "minecraft:animation/9.png","ascent": 100,"height": 200,"chars": [""]},
        {"type": "bitmap", "file": "minecraft:titles/common.png","ascent": 9, "height": 9, "chars": [""]},
        {"type": "bitmap", "file": "minecraft:titles/rare.png","ascent": 9, "height": 9, "chars": [""]},
        {"type": "bitmap", "file": "minecraft:titles/epic.png","ascent": 9, "height": 9, "chars": [""]},
        {"type": "bitmap", "file": "minecraft:titles/legendary.png","ascent": 9, "height": 9, "chars": [""]},
        {"type": "bitmap", "file": "minecraft:font/spaces.png", "ascent": -5000, "height": -3, "chars": [""]},
        {"type": "bitmap", "file": "minecraft:font/spaces.png", "ascent": -5000, "height": -4, "chars": [""]},
        {"type": "bitmap", "file": "minecraft:font/spaces.png", "ascent": -5000, "height": -5, "chars": [""]},
        {"type": "bitmap", "file": "minecraft:font/spaces.png", "ascent": -5000, "height": -6, "chars": [""]},
        {"type": "bitmap", "file": "minecraft:font/spaces.png", "ascent": -5000, "height": -7, "chars": [""]},
        {"type": "bitmap", "file": "minecraft:font/spaces.png", "ascent": -5000, "height": -8, "chars": [""]},
        {"type": "bitmap", "file": "minecraft:font/spaces.png", "ascent": -5000, "height": -10, "chars": [""]},
        {"type": "bitmap", "file": "minecraft:font/spaces.png", "ascent": -5000, "height": -14, "chars": [""]},
        {"type": "bitmap", "file": "minecraft:font/spaces.png", "ascent": -5000, "height": -130, "chars": [""]},
        {"type": "bitmap", "file": "minecraft:font/spaces.png", "ascent": -5000, "height": -179, "chars": [""]},
        {"type": "bitmap", "file": "minecraft:font/backgrounds/b0.png", "ascent": 11, "height": 14, "chars": [""]},
        {"type": "bitmap", "file": "minecraft:font/backgrounds/b1.png", "ascent": 11, "height": 14, "chars": [""]},
        {"type": "bitmap", "file": "minecraft:font/backgrounds/b2.png", "ascent": 11, "height": 14, "chars": [""]},
        {"type": "bitmap", "file": "minecraft:font/backgrounds/b3.png", "ascent": 11, "height": 14, "chars": [""]},
        {"type": "bitmap", "file": "minecraft:font/backgrounds/b4.png", "ascent": 11, "height": 14, "chars": [""]},
        {"type": "bitmap", "file": "minecraft:font/backgrounds/b5.png", "ascent": 11, "height": 14, "chars": [""]},
        {"type": "bitmap", "file": "minecraft:font/backgrounds/b6.png", "ascent": 11, "height": 14, "chars": [""]},
        {"type": "bitmap", "file": "minecraft:font/backgrounds/b12.png", "ascent": 11, "height": 14, "chars": [""]},
        {"type": "bitmap", "file": "minecraft:font/backgrounds/b16.png", "ascent": 11, "height": 14, "chars": [""]},
        {"type": "bitmap", "file": "minecraft:font/backgrounds/b32.png", "ascent": 11, "height": 14, "chars": [""]},
        {"type": "bitmap", "file": "minecraft:font/backgrounds/b64.png", "ascent": 11, "height": 14, "chars": [""]},
        {"type": "bitmap", "file": "minecraft:font/backgrounds/b128.png", "ascent": 11, "height": 14, "chars": [""]},
        {"type": "bitmap", "file": "minecraft:font/backgrounds/b0.png", "ascent": 11, "height": 14, "chars": [""]},
        {"type": "bitmap", "file": "minecraft:font/icons/star.png", "ascent": 10, "height": 12, "chars": [""]},
        {"type": "bitmap", "file": "minecraft:font/icons/plus.png", "ascent": 10, "height": 12, "chars": [""]},
        {"type": "bitmap", "file": "minecraft:font/icons/minus.png", "ascent": 10, "height": 12, "chars": [""]},
        {"type": "bitmap", "file": "minecraft:font/icons/coins.png", "ascent": 10, "height": 12, "chars": [""]},
        {"type": "bitmap", "file": "minecraft:font/icons/time.png", "ascent": 10, "height": 12, "chars": [""]},
        {"type": "bitmap", "file": "minecraft:font/icons/gems.png", "ascent": 10, "height": 12, "chars": [""]},
        {"type": "bitmap", "file": "minecraft:font/icons/generators.png", "ascent": 10, "height": 12, "chars": [""]},
        {"type": "bitmap", "file": "minecraft:font/icons/boost.png", "ascent": 10, "height": 12, "chars": [""]},
        {"type": "bitmap", "file": "minecraft:font/icons/circle.png", "ascent": 128, "height": 256, "chars": [""]},
        {"type": "bitmap", "file": "minecraft:font/ranks/member.png", "ascent": 7, "height": 7, "chars": [""]},
        {"type": "bitmap", "file": "minecraft:font/ranks/gold.png", "ascent": 7, "height": 7, "chars": [""]},
        {"type": "bitmap", "file": "minecraft:font/ranks/diamond.png", "ascent": 7, "height": 7, "chars": [""]},
        {"type": "bitmap", "file": "minecraft:font/ranks/emerald.png", "ascent": 7, "height": 7, "chars": [""]},
        {"type": "bitmap", "file": "minecraft:font/ranks/netherite.png", "ascent": 7, "height": 7, "chars": [""]},
        {"type": "bitmap", "file": "minecraft:font/ranks/helper.png", "ascent": 7, "height": 7, "chars": [""]},
        {"type": "bitmap", "file": "minecraft:font/ranks/moderator.png", "ascent": 7, "height": 7, "chars": [""]},
        {"type": "bitmap", "file": "minecraft:font/ranks/admin.png", "ascent": 7, "height": 7, "chars": [""]},
        {"type": "bitmap", "file": "minecraft:font/ranks/owner.png", "ascent": 7, "height": 7, "chars": [""]},
        {"type": "bitmap", "file": "minecraft:gui/fullscreen.png","ascent": 100, "height": 1000, "chars": ["大"]},
        {"type": "bitmap", "file": "minecraft:animation/background.png", "ascent": 128, "height": 256, "chars": [""]},
        {"type": "bitmap", "file": "minecraft:animation/clouds.png", "ascent": 128, "height": 256, "chars": [""]},
        {"type": "bitmap", "file": "minecraft:animation/island.png", "ascent": 128, "height": 256, "chars": [""]},
        {"type": "bitmap", "file": "minecraft:animation/stone.png", "ascent": 128, "height": 256, "chars": [""]},
        {"type": "bitmap", "file": "minecraft:animation/lava.png", "ascent": 128, "height": 256, "chars": [""]},
        {"type": "bitmap", "file": "minecraft:animation/water.png", "ascent": 128, "height": 256, "chars": [""]},
        {"type": "bitmap", "file": "minecraft:animation/grass.png", "ascent": 128, "height": 256, "chars": [""]},
        {"type": "bitmap", "file": "minecraft:animation/logs.png", "ascent": 128, "height": 256, "chars": [""]},
        {"type": "bitmap", "file": "minecraft:animation/fence.png", "ascent": 128, "height": 256, "chars": [""]},
        {"type": "bitmap", "file": "minecraft:animation/beehive.png", "ascent": 128, "height": 256, "chars": [""]},
        {"type": "bitmap", "file": "minecraft:animation/bees.png", "ascent": 128, "height": 256, "chars": [""]},
        {"type": "bitmap", "file": "minecraft:animation/skeletons.png", "ascent": 128, "height": 256, "chars": [""]},
        {"type": "bitmap", "file": "minecraft:animation/pig.png", "ascent": 128, "height": 256, "chars": [""]},
        {"type": "bitmap", "file": "minecraft:animation/fishes.png", "ascent": 128, "height": 256, "chars": [""]},
        {"type": "bitmap", "file": "minecraft:animation/lilypad.png", "ascent": 128, "height": 256, "chars": [""]},
        {"type": "bitmap", "file": "minecraft:animation/character.png", "ascent": 128, "height": 256, "chars": [""]},
        {"type": "bitmap", "file": "minecraft:animation/clouds2.png", "ascent": 128, "height": 256, "chars": [""]},
        {"type": "bitmap", "file": "minecraft:animation/background2.png", "ascent": 128, "height": 256, "chars": [""]}
    ]
}