{
  "model": {
    "type": "range_dispatch",
    "property": "custom_model_data",
    "entries": [
      { "threshold": 7000, "model": { "type": "model", "model": "gens/setup/potion1-1" }},
      { "threshold": 7001, "model": { "type": "model", "model": "gens/setup/potion1-2" }},
      { "threshold": 7002, "model": { "type": "model", "model": "gens/setup/potion1-3" }},
      { "threshold": 7003, "model": { "type": "model", "model": "gens/setup/potion2-1" }},
      { "threshold": 7004, "model": { "type": "model", "model": "gens/setup/potion2-2" }},
      { "threshold": 7005, "model": { "type": "model", "model": "gens/setup/potion2-3" }},
      { "threshold": 7006, "model": { "type": "model", "model": "gens/setup/potion3-1" }},
      { "threshold": 7007, "model": { "type": "model", "model": "gens/setup/potion3-2" }},
      { "threshold": 7008, "model": { "type": "model", "model": "gens/setup/potion3-3" }},
      { "threshold": 7009, "model": { "type": "model", "model": "gens/setup/potion4-1" }},
      { "threshold": 7010, "model": { "type": "model", "model": "gens/setup/potion4-2" }},
      { "threshold": 7011, "model": { "type": "model", "model": "gens/setup/potion4-3" }},
      { "threshold": 7012, "model": { "type": "model", "model": "gens/setup/chest1" }},
      { "threshold": 7013, "model": { "type": "model", "model": "gens/setup/chest2" }},
      { "threshold": 7014, "model": { "type": "model", "model": "gens/setup/chest3" }},
      { "threshold": 7015, "model": { "type": "model", "model": "gens/setup/jobrew1" }},
      { "threshold": 7016, "model": { "type": "model", "model": "gens/setup/jobrew2" }},
      { "threshold": 7017, "model": { "type": "model", "model": "gens/setup/jobrew3" }},
      { "threshold": 7018, "model": { "type": "model", "model": "gens/setup/jobrew4" }},
      { "threshold": 7019, "model": { "type": "model", "model": "gens/setup/jobrew5" }},
      { "threshold": 7020, "model": { "type": "model", "model": "gens/setup/claimed" }},
      { "threshold": 7021, "model": { "type": "model", "model": "gens/setup/lock" }},
      { "threshold": 7022, "model": { "type": "model", "model": "gens/setup/magicfeather" }},
      { "threshold": 7023, "model": { "type": "model", "model": "gens/setup/locked" }}
    ],
    "fallback": {
      "type": "model",
      "model": "item/paper"
    }
  }
}
