{
	"credit": "Made with Blockbench",
	"texture_size": [64, 64],
	"textures": {
		"0": "gens/setup/balleffect",
		"particle": "gens/setup/balleffect"
	},
	"elements": [
		{
			"from": [7, 6.5, -15],
			"to": [9, 8.5, 8],
			"rotation": {"angle": 0, "axis": "y", "origin": [7, 6.5, 6]},
			"faces": {
				"north": {"uv": [2, 2, 3, 3], "texture": "#0", "tintindex": 0},
				"east": {"uv": [0, 0, 6.25, 1], "texture": "#0", "tintindex": 0},
				"south": {"uv": [2, 3, 3, 4], "texture": "#0", "tintindex": 0},
				"west": {"uv": [0, 1, 6.25, 2], "texture": "#0", "tintindex": 0},
				"up": {"uv": [1, 8.25, 0, 2], "texture": "#0", "tintindex": 0},
				"down": {"uv": [2, 2, 1, 8.25], "texture": "#0", "tintindex": 0}
			}
		}
	]
}