{
	"credit": "Made with Blockbench",
	"texture_size": [32, 32],
	"textures": {
		"0": "gens/setup/ball",
		"particle": "gens/setup/ball"
	},
	"elements": [
		{
			"name": "hexadecagon",
			"from": [7, 4.00544, 3],
			"to": [9, 5.99456, 13],
			"rotation": {"angle": -45, "axis": "x", "origin": [8, 5, 8]},
			"faces": {
				"north": {"uv": [11, 6, 12, 7], "texture": "#0"},
				"east": {"uv": [4, 0, 9, 1], "texture": "#0"},
				"south": {"uv": [11, 7, 12, 8], "texture": "#0"},
				"west": {"uv": [4, 1, 9, 2], "texture": "#0"},
				"up": {"uv": [5, 7, 4, 2], "texture": "#0"},
				"down": {"uv": [1, 5, 0, 10], "texture": "#0"}
			}
		},
		{
			"name": "hexadecagon",
			"from": [7, 4.00544, 3],
			"to": [9, 5.99456, 13],
			"rotation": {"angle": -22.5, "axis": "x", "origin": [8, 5, 8]},
			"faces": {
				"north": {"uv": [11, 9, 12, 10], "texture": "#0"},
				"east": {"uv": [5, 2, 10, 3], "texture": "#0"},
				"south": {"uv": [11, 10, 12, 11], "texture": "#0"},
				"west": {"uv": [5, 3, 10, 4], "texture": "#0"},
				"up": {"uv": [2, 10, 1, 5], "texture": "#0"},
				"down": {"uv": [3, 5, 2, 10], "texture": "#0"}
			}
		},
		{
			"name": "hexadecagon",
			"from": [7, 4.00544, 3],
			"to": [9, 5.99456, 13],
			"rotation": {"angle": 0, "axis": "y", "origin": [8, 5, 8]},
			"faces": {
				"north": {"uv": [11, 11, 12, 12], "texture": "#0"},
				"east": {"uv": [5, 4, 10, 5], "texture": "#0"},
				"south": {"uv": [12, 1, 13, 2], "texture": "#0"},
				"west": {"uv": [5, 5, 10, 6], "texture": "#0"},
				"up": {"uv": [4, 10, 3, 5], "texture": "#0"},
				"down": {"uv": [6, 6, 5, 11], "texture": "#0"}
			}
		},
		{
			"name": "hexadecagon",
			"from": [7, 4.00544, 3],
			"to": [9, 5.99456, 13],
			"rotation": {"angle": 22.5, "axis": "x", "origin": [8, 5, 8]},
			"faces": {
				"north": {"uv": [12, 2, 13, 3], "texture": "#0"},
				"east": {"uv": [6, 6, 11, 7], "texture": "#0"},
				"south": {"uv": [12, 3, 13, 4], "texture": "#0"},
				"west": {"uv": [6, 7, 11, 8], "texture": "#0"},
				"up": {"uv": [5, 12, 4, 7], "texture": "#0"},
				"down": {"uv": [7, 8, 6, 13], "texture": "#0"}
			}
		},
		{
			"name": "hexadecagon",
			"from": [7, 4.00544, 3],
			"to": [9, 5.99456, 13],
			"rotation": {"angle": 45, "axis": "x", "origin": [8, 5, 8]},
			"faces": {
				"north": {"uv": [4, 12, 5, 13], "texture": "#0"},
				"east": {"uv": [7, 8, 12, 9], "texture": "#0"},
				"south": {"uv": [12, 4, 13, 5], "texture": "#0"},
				"west": {"uv": [9, 0, 14, 1], "texture": "#0"},
				"up": {"uv": [8, 14, 7, 9], "texture": "#0"},
				"down": {"uv": [9, 9, 8, 14], "texture": "#0"}
			}
		},
		{
			"name": "hexadecagon",
			"from": [7, 0, 7.00544],
			"to": [9, 10, 8.99456],
			"rotation": {"angle": -22.5, "axis": "x", "origin": [8, 5, 8]},
			"faces": {
				"north": {"uv": [9, 9, 10, 14], "texture": "#0"},
				"east": {"uv": [0, 10, 1, 15], "texture": "#0"},
				"south": {"uv": [1, 10, 2, 15], "texture": "#0"},
				"west": {"uv": [10, 1, 11, 6], "texture": "#0"},
				"up": {"uv": [6, 13, 5, 12], "texture": "#0"},
				"down": {"uv": [13, 5, 12, 6], "texture": "#0"}
			}
		},
		{
			"name": "hexadecagon",
			"from": [7, 0, 7.00544],
			"to": [9, 10, 8.99456],
			"rotation": {"angle": 0, "axis": "x", "origin": [8, 5, 8]},
			"faces": {
				"north": {"uv": [2, 10, 3, 15], "texture": "#0"},
				"east": {"uv": [3, 10, 4, 15], "texture": "#0"},
				"south": {"uv": [10, 9, 11, 14], "texture": "#0"},
				"west": {"uv": [11, 1, 12, 6], "texture": "#0"},
				"up": {"uv": [13, 7, 12, 6], "texture": "#0"},
				"down": {"uv": [13, 7, 12, 8], "texture": "#0"}
			}
		},
		{
			"name": "hexadecagon",
			"from": [7, 0, 7.00544],
			"to": [9, 10, 8.99456],
			"rotation": {"angle": 22.5, "axis": "x", "origin": [8, 5, 8]},
			"faces": {
				"north": {"uv": [0, 0, 1, 5], "texture": "#0"},
				"east": {"uv": [1, 0, 2, 5], "texture": "#0"},
				"south": {"uv": [2, 0, 3, 5], "texture": "#0"},
				"west": {"uv": [3, 0, 4, 5], "texture": "#0"},
				"up": {"uv": [10, 2, 9, 1], "texture": "#0"},
				"down": {"uv": [6, 11, 5, 12], "texture": "#0"}
			}
		}
	],
	"groups": [
		{
			"name": "hexadecagon",
			"origin": [8, 8, 8],
			"color": 0,
			"children": [0, 1, 2, 3, 4, 5, 6, 7]
		}
	]
}