{
  "parent": "minecraft:item/generated",
  "textures": {
    "layer0": "minecraft:item/gold_nugget"
  },
	"overrides": [
        {"predicate":{"custom_model_data":7000},"model":"gens/setup/air"},
        {"predicate":{"custom_model_data":7001},"model":"gens/setup/effect1"},
        {"predicate":{"custom_model_data":7002},"model":"gens/setup/effect2"},
        {"predicate":{"custom_model_data":7003},"model":"gens/setup/meteor"},
        {"predicate":{"custom_model_data":7004},"model":"gens/setup/electric"},
        {"predicate":{"custom_model_data":7005},"model":"gens/setup/effect3"},
        {"predicate":{"custom_model_data":7006},"model":"gens/setup/effect4"},
        {"predicate":{"custom_model_data":7007},"model":"gens/setup/effect5"},
        {"predicate":{"custom_model_data":7008},"model":"gens/setup/common"},
        {"predicate":{"custom_model_data":7009},"model":"gens/setup/uncommon"},
        {"predicate":{"custom_model_data":7010},"model":"gens/setup/rare"},
        {"predicate":{"custom_model_data":7011},"model":"gens/setup/epic"},
        {"predicate":{"custom_model_data":7012},"model":"gens/setup/legendary"},
        {"predicate":{"custom_model_data":7013},"model":"gens/setup/ufo"},
        {"predicate":{"custom_model_data":7014},"model":"gens/setup/ufo2"},
        {"predicate":{"custom_model_data":7015},"model":"gens/setup/banner"},
        {"predicate":{"custom_model_data":7016},"model":"gens/setup/ball"},
        {"predicate":{"custom_model_data":7017},"model":"gens/setup/left"},
        {"predicate":{"custom_model_data":7018},"model":"gens/setup/right"},
        {"predicate":{"custom_model_data":7019},"model":"gens/setup/boosters"}
      ]
}