{
  "parent": "minecraft:item/generated",
  "textures": {
    "layer0": "minecraft:item/potion_overlay",
    "layer1": "minecraft:item/potion"
  },
	"overrides": [
        {"predicate":{"custom_model_data":7000},"model":"gens/setup/circle"},
        {"predicate":{"custom_model_data":7001},"model":"gens/setup/circle2"},
        {"predicate":{"custom_model_data":7002},"model":"gens/setup/confetti"},
        {"predicate":{"custom_model_data":7003},"model":"gens/setup/confetti2"},
        {"predicate":{"custom_model_data":7004},"model":"gens/setup/balleffect"},
        {"predicate":{"custom_model_data":7036},"model":"xqedii/dev/flowers/a"},
        {"predicate":{"custom_model_data":7037},"model":"xqedii/dev/flowers/b"},
        {"predicate":{"custom_model_data":7038},"model":"xqedii/dev/flowers/c"},
        {"predicate":{"custom_model_data":7039},"model":"xqedii/dev/flowers/d"},
        {"predicate":{"custom_model_data":7040},"model":"xqedii/dev/flowers/e"},
        {"predicate":{"custom_model_data":7041},"model":"xqedii/dev/flowers/f"},
        {"predicate":{"custom_model_data":7042},"model":"xqedii/dev/flowers/g"},
        {"predicate":{"custom_model_data":7043},"model":"xqedii/dev/flowers/h"},
        {"predicate":{"custom_model_data":7044},"model":"xqedii/dev/flowers/i"},
        {"predicate":{"custom_model_data":7045},"model":"xqedii/dev/flowers/j"},
        {"predicate":{"custom_model_data":7046},"model":"xqedii/dev/flowers/k"},
        {"predicate":{"custom_model_data":7047},"model":"xqedii/dev/flowers/l"},
        {"predicate":{"custom_model_data":7048},"model":"xqedii/dev/flowers/m"},
        {"predicate":{"custom_model_data":7049},"model":"xqedii/dev/flowers/n"},
        {"predicate":{"custom_model_data":7050},"model":"xqedii/dev/flowers/o"},
        {"predicate":{"custom_model_data":7051},"model":"xqedii/dev/flowers/p"},
        {"predicate":{"custom_model_data":7052},"model":"xqedii/dev/flowers/q"},
        {"predicate":{"custom_model_data":7053},"model":"xqedii/dev/flowers/r"},
        {"predicate":{"custom_model_data":7054},"model":"xqedii/dev/flowers/s"},
        {"predicate":{"custom_model_data":7055},"model":"xqedii/dev/flowers/t"},
        {"predicate":{"custom_model_data":7056},"model":"xqedii/dev/flowers/u"},
        {"predicate":{"custom_model_data":7057},"model":"xqedii/dev/flowers/v"},
        {"predicate":{"custom_model_data":7058},"model":"xqedii/dev/flowers/w"},
        {"predicate":{"custom_model_data":7059},"model":"xqedii/dev/flowers/x"},
        {"predicate":{"custom_model_data":7060},"model":"xqedii/dev/flowers/y"},
        {"predicate":{"custom_model_data":7061},"model":"xqedii/dev/flowers/z"},
        {"predicate":{"custom_model_data":7062},"model":"xqedii/dev/flowers/0"},
        {"predicate":{"custom_model_data":7063},"model":"xqedii/dev/flowers/1"},
        {"predicate":{"custom_model_data":7064},"model":"xqedii/dev/flowers/2"},
        {"predicate":{"custom_model_data":7065},"model":"xqedii/dev/flowers/3"},
        {"predicate":{"custom_model_data":7066},"model":"xqedii/dev/flowers/4"},
        {"predicate":{"custom_model_data":7067},"model":"xqedii/dev/flowers/5"},
        {"predicate":{"custom_model_data":7068},"model":"xqedii/dev/flowers/6"},
        {"predicate":{"custom_model_data":7069},"model":"xqedii/dev/flowers/7"},
        {"predicate":{"custom_model_data":7070},"model":"xqedii/dev/flowers/8"},
        {"predicate":{"custom_model_data":7071},"model":"xqedii/dev/flowers/9"}
      ]
}